DOMAIN,,ACCOUNT,HOST_USER,HOST_PASS,LOCATION,PACKAGE
adom.osnez.com,,maxcom,,,,
beed.osnez.com,,maxcom,,,,
cand.osnez.com,,maxcom,,,,
dirl.osnez.com,,maxcom,,,,
eack.osnez.com,,maxcom,,,,
feas.osnez.com,,maxcom,,,,
gail.osnez.com,,maxcom,,,,
hiet.osnez.com,,maxcom,,,,
itio.osnez.com,,maxcom,,,,
jeft.osnez.com,,maxcom,,,,
kake.osnez.com,,maxcom,,,,
lown.osnez.com,,maxcom,,,,
menc.osnez.com,,maxcom,,,,
note.osnez.com,,maxcom,,,,
onst.osnez.com,,maxcom,,,,
peor.osnez.com,,maxcom,,,,
quiv.osnez.com,,maxcom,,,,
righ.osnez.com,,maxcom,,,,
osnez.com,,maxcom,,,,
thad.osnez.com,,maxcom,,,,
upie.osnez.com,,maxcom,,,,
vern.osnez.com,,maxcom,,,,
with.osnez.com,,maxcom,,,,
xoth.osnez.com,,maxcom,,,,
yeac.osnez.com,,maxcom,,,,
zons.osnez.com,,maxcom,,,,
,,,,,,
,,,,,,
sport05.myname,,maxcom,,,,
belists.com,,maxcom,,,,
am.belists.com,,maxcom,,,,
co.belists.com,,maxcom,,,,
dr.belists.com,,maxcom,,,,
,,,,,,
atom.liverev.com,,maxcom,,,,
,,,,,,
vict.gorith.com,,maxcom,,,,
emer.gorith.com,,maxcom,,,,
heat.gorith.com,,maxcom,,,,
ques.gorith.com,,maxcom,,,,
,,,,,,
harp.lopion.com,,maxcom,,,,
benz.lopion.com,,maxcom,,,,
,,,,,,
nais.catant.com,,maxcom,,,,
,,,,,,
atem.duxite.com,,maxcom,,,,
cari.duxite.com,,maxcom,,,,
firo.duxite.com,,maxcom,,,,
gara.duxite.com,,maxcom,,,,
lisa.duxite.com,,maxcom,,,,
telo.duxite.com,,maxcom,,,,
valu.duxite.com,,maxcom,,,,
,,,,,,
zow.atolic.com,,ratzin,,,,
commis04.myname,,ratzin,,,,
commis32.myname,,ratzin,,,,
commis36.myname,,ratzin,,,,
commis38.myname,,ratzin,,,,
commis43.myname,,ratzin,,,,
commis48.myname,,ratzin,,,,
,,,,,,
acht.feozna.com,,ratzin,,,,
coer.feozna.com,,ratzin,,,,
dich.feozna.com,,ratzin,,,,
exan.feozna.com,,ratzin,,,,
faey.feozna.com,,ratzin,,,,
garc.feozna.com,,ratzin,,,,
iner.feozna.com,,ratzin,,,,
jess.feozna.com,,ratzin,,,,
kald.feozna.com,,ratzin,,,,
lorl.feozna.com,,ratzin,,,,
majo.feozna.com,,ratzin,,,,
nair.feozna.com,,ratzin,,,,
feozna.com,,ratzin,,,,
pain.feozna.com,,ratzin,,,,
quee.feozna.com,,ratzin,,,,
risn.feozna.com,,ratzin,,,,
saen.feozna.com,,ratzin,,,,
tont.feozna.com,,ratzin,,,,
uawe.feozna.com,,ratzin,,,,
wess.feozna.com,,ratzin,,,,
xual.feozna.com,,ratzin,,,,
zarl.feozna.com,,ratzin,,,,
,,,,,,
vort.marxiv.com,,ratzin,,,,
seun.marxiv.com,,ratzin,,,,
drot.marxiv.com,,ratzin,,,,
,,,,,,
oawa.squasi.com,,ratzin,,,,
wees.squasi.com,,ratzin,,,,
,,,,,,
fust.nasual.com,,ratzin,,,,
cuor.nasual.com,,ratzin,,,,
,,,,,,
soe.periet.com,,ratzin,,,,
duo.periet.com,,ratzin,,,,
sah.periet.com,,ratzin,,,,
itz.periet.com,,ratzin,,,,
pol.periet.com,,ratzin,,,,
mob.periet.com,,ratzin,,,,
oiz.periet.com,,ratzin,,,,
lic.periet.com,,ratzin,,,,
,,,,,,
goo.rsipv.com,,ratzin,,,,
isd.rsipv.com,,ratzin,,,,
zho.rsipv.com,,ratzin,,,,
ust.rsipv.com,,ratzin,,,,
tia.rsipv.com,,ratzin,,,,
das.rsipv.com,,ratzin,,,,
oss.rsipv.com,,ratzin,,,,
