SHOP,APPAREL1,APPAREL2,SHOE,ACCESSORIES,EQUIPMENT1,EQUIPMENT2,MORE
Shop for,Athletic Clothing,Dresses,Athletic shoe,Sport Sunglasses,Climbing Gear,Kayaks,more..
Shop,Clothing,Jackets,Barefoot Shoes,Backpacks,Training Watches,Wakeboards,and more.
Buy the latest,Jumpsuits,Blazers,Running Shoes,Gloves,Yoga Mats,Skis,more
Buy the ,Loungewear,Hoodies,Sport Sandals,Hats,Water Bottles,Snowskates,& more
You want buy,Pants,Shirts,Sport Socks,Casual Sunglasses,Tents,Snowboard,& more.
You're looking for,Plus Size,Tops,Trail Running Shoes,,Hiking Gear,Surfboard,and more
This product item,Shorts,Vests,Climbing Shoes,,Bike Gear,Diving,
If you want buy,Skirts,Sport Coats,Hiking Boots,,Sports Gear,,
Pins about ,Swimwear,Sweaters,Hiking Socks,,Weight Management,,
You're a buy,Fitness Clothing,Outerwear,Snowshoes,,,,
Check New Price,Yoka Clothing,Rompers,Bike Footwear,,,,
Looking for ,Tanks,,Specialty Shoes,,,,
This product item,,,Boots,,,,
,,,Water Shoes,,,,
,,,Casual Sandals,,,,
,,,Snowboard Boots,,,,
