SHOP,ELECTRONICS1,ELECTRONICS2,APPLIANCES1,APPLIANCES2,OFFICE1,OFFICE2,OFFICE3,MORE
Shop for,Televisions,Fans,Coffee Makers,Dishwashers,Office Supplies,Cabinets,Stylus Pens,more..
Shop,Speakers,Heaters,Specialty Appliances,Freezers,Paper Shredders,Bookshelves,Ballpoint Pens,and more.
Buy the latest,Home Theater,Vacuum Cleaners,Toasters,Ice Machines,Calculators,Storage Boxes,Gel Pens,more
Buy the ,Stereos,Steam Cleaners,Ovens,Juicers,Security Safes,Mailboxes,Highlighters,& more
You want buy,Car Audio,Washers-Dryers,Mixers,Rice Cookers,Voice Recorders,Appliance Pulls,Markers,& more.
You're looking for,MP3 Players,Irons,Food Processors,Beverage Dispensers ,Fax Machines,Desks,Time Clocks,and more
This product item,Portable DVD,Lighting,Refrigerators,Coolers,Label Printers,Office Storage,Batteries,
If you want buy,Clock Radios,Ceiling Fans,Blenders,Waffle Makers,Desk Accessories,Office Chairs,Binding Machines,
Pins about ,DJ Equipment,Clocks,Microwaves,Electric Tea Kettles,Organizers,Tables,Calculators,
You're a buy,Projectors,Weather Instruments,Ranges,Electric Grills,Calendars,File Cabinets,Inkjet Printers,
Check New Price,Video Players,Air Conditioners,Cooktops,Fryers,Planners,Sofas,Label Printers,
Looking for ,Cameras,Air Purifiers,Burners,Espresso Machines,Flash Drives,Loveseats,Laser Printers,
This product item,Telephones,Water Filters,Slowcookers,Wine Coolers,Floppy Disks,Bean-Lounge Bags,Scanners,
,Video Games,,,Popcorn Poppers,Hard Drives,Chairs,Computer Workstations,
,GPS,,,,Desktops,Bookcases,,
,Two-Way Radios,,,,Laptops,Quill Brand Furniture,,
,Mobile Phones,,,,Tablets,Furniture Collections,,
,,,,,,Shelving,,
,,,,,,Storage,,
