SHOP,EQUIPMENT1,EQUIPMENT2,EQUIPMENT3,APPAREL1,APPAREL2,SHOE,ACCESSORIES,MORE
Shop for,Yoga Equipment,Outdoor Gear,Kayaks,Athletic Clothing,Dresses,Athletic shoe,Sport Sunglasses,more..
Shop,Gym Equipment,Hiking Gear,Wakeboards,Clothing,Jackets,Barefoot Shoes,Backpacks,and more.
Buy the latest,Sports Gear,Climbing Gear,Skis,Jumpsuits,Blazers,Running Shoes,Gloves,more
Buy the ,Sports Equipment,Cycling,Snowskates,Loungewear,Hoodies,Sport Sandals,Hats,& more
You want buy,Weight Management,Bike Gear,Snowboard,Pants,Shirts,Sport Socks,Casual Sunglasses,& more.
You're looking for,Gym Wear,,Surfboard,Plus Size,Tops,Trail Running Shoes,Water Bottles,and more
This product item,Fitness Equipment,,Diving,Shorts,Vests,Climbing Shoes,Mats,
If you want buy,Training Equipment,,,Skirts,Sport Coats,Hiking Boots,Training Watches,
Pins about ,,,,Swimwear,Sweaters,Hiking Socks,Tents,
You're a buy,,,,Fitness Clothing,Outerwear,Snowshoes,,
Check New Price,,,,Yoka Clothing,Rompers,Bike Footwear,,
Looking for ,,,,Tanks,Fleeces,Specialty Shoes,,
This product item,,,,Baselayer,Waterproof Jackets,Boots,,
,,,,,Soft Shell Jackets,Water Shoes,,
,,,,,,Casual Sandals,,
,,,,,,Snowboard Boots,,
