SHOP,AIR,ACCESSORIES,BATTERIES,WHEEL,ELECTRONICS,MORE
Shop for,Air Filters & Related,"Appearance, Wash & Wax",Air Bag System & Related,ABS Components,Camera & Cell Phone Accessories,more..
Shop,Carburetors,Auto Body Parts,Alternators,Brake Calipers & Related,Car Audio & Video,and more.
Buy the latest,Carburetion,Body Styling & Dress-Up,Batteries,Brake Drums & Rotors,Gauges & Components,more
Buy the ,Emission,Car Covers & Body Protection ,Battery Components & Tools,Brake Hardware & Components,Instrument Panel & Dash,& more
You want buy,Exhaust,Paint & Body Repair,Charging System,Brake Pads & Shoes,Navigation,& more.
You're looking for,Fuel & Oil Filters,Roadside Safety,Electrical Connectors & Sockets,Power Steering Hoses & Pumps,Radar & Laser Detection ,and more
This product item,Fuel Injection System,Seasonal Accessories,"Lights, Flasher Units, Fuses",Shocks & Struts,Fluids & Chemicals,
If you want buy,Fuel Pumps & Tanks,Storage & Cargo,"Relays, Switches & Sensors","Steering, Gears & Pumps","Gaskets, Sealers, Grease & Lube",
Pins about ,Nitrous Oxide Systems,Windshield,Starters & Related,Suspension,Hand Tools,
You're a buy,Turbos,Locks & Alarms,Cylinder Block Components,Wheel & Tire Parts,Hardware & Fasteners,
Check New Price,AC Accumulators & Driers,Doors & Windows ,Engine Components,Automatic Transmissions ,Repair Manuals & Diagrams,
Looking for ,AC Clutches,,Engine Electronics,Cruise Control,Shop Equipment,
This product item,AC Tools,,Engine Gaskets & Seals,CV Axles & Parts ,Specialty Tools,
,Belts & Hoses,,Ignition & Tune-Up,Differential,Storage & Containers,
,Cooling & Water Pumps,,Motor Oil & Additives,Drive Shaft,Workwear & Gloves,
,Cooling Fans,,Valve Train Components,Fluids & Chemicals,,
,Fluids & Chemicals,,Generators & Related,Manual Transmissions,,
,Heater Motors & Cores ,,,Transfer Case Parts,,
,Radiators,,,Transmission Gaskets,,
,Thermostats,,,Wheels Bearings,,
,Compressors,,,Seals & Related,,
,Superchargers,,,Springs & Related,,
,Gaskets & Housing ,,,,,
,Hardware & Adapters,,,,,
,Intake Manifolds,,,,,
,Clutches & Motors,,,,,
,Coolers & Related ,,,,,
